月,日,年,国コード,イベント名,概要
1,1,1919,GER,ドイツ共産党創立 🚩,"スパルタクス団を母体として、ローザ・ルクセンブルクらにより正式に結成された。"
1,1,1921,FRA,フランス共産党創設,"フランス社会党（SFIO）のトゥール大会でコミンテルン加盟派が分離し、フランス共産党が結成された。（大会最終日）"
1,1,1959,CUB,キューバ革命勝利記念日 🎉,"フィデル・カストロ率いる革命軍が勝利し、バティスタ独裁政権を打倒した。（公式の祝日）"
1,2,1929,SOV,マグニトゴルスク製鉄所建設開始 🏗️,"ソ連の急速な工業化の象徴となる巨大製鉄所の本格的な建設が始まった。（開始時期）"
1,3,1930,SOV,スターリン、農業集団化の加速宣言,"スターリンが富農（クラーク）の「階級としての絶滅」を宣言し、農業集団化が強行された。"
1,3,1957,PRC,人民日報、反右派闘争を加速,"中国共産党の機関紙が、知識人への批判を強める論調を掲載し、反右派闘争が本格化した。"
1,4,1968,CZE,アレクサンデル・ドゥプチェク、第一書記に就任,"チェコスロバキアでドゥプチェクが共産党の指導者となり、プラハの春の改革が開始された。"
1,5,1921,JAP,暁民共産党事件,"日本で最初の共産主義グループである暁民共産党のメンバーが検挙された。"
1,5,1976,CAM,民主カンプチア成立 🔴,"クメール・ルージュによる新憲法が公布され、民主カンプチアが成立した。"
1,6,1924,SOV,コミンテルン第5回大会,"レーニン死後の最初の大会。各国共産党の「ボリシェヴィキ化」が強調された。（開催初日）"
1,7,1979,CAM,ベトナム軍、プノンペン制圧 🕊️,"ベトナム軍がプノンペンを制圧し、クメール・ルージュ（ポル・ポト）政権が崩壊した。"
1,8,1976,PRC,周恩来死去 💀,"中華人民共和国の初代国務院総理である周恩来が死去。"
1,9,1905,RUS,血の日曜日事件 🔪,"サンクトペテルブルクで労働者のデモに軍が発砲し、ロシア革命（1905年）の引き金となった。"
1,10,1919,SOV,ウクライナ・ソビエト社会主義共和国成立,"ロシア革命後の内戦を経て、ウクライナにソ連邦を構成する社会主義共和国が樹立された。"
1,10,1946,ALB,アルバニア人民共和国成立,"共産党主導の政府が、正式にアルバニア人民共和国の成立を宣言。"
1,11,1919,GER,スパルタクス団蜂起鎮圧,"ドイツの首都ベルリンでのスパルタクス団（ドイツ共産党）の蜂起が鎮圧された。"
1,12,1954,SOV,カザフスタン、処女地開墾開始,"フルシチョフがカザフスタンで大規模な農業開発計画である処女地開墾を開始した。"
1,13,1948,JAP,野坂参三、帰国,"戦後、中国から日本共産党指導者の野坂参三が帰国。党の再建を主導した。"
1,14,1948,JAP,日本共産党、総選挙で議席倍増,"戦後の総選挙で、日本共産党が前回から議席を倍増させ、存在感を高めた。"
1,15,1919,GER,ローザ・ルクセンブルク暗殺 🌹,"ドイツ共産党の指導者ローザ・ルクセンブルクが右翼義勇兵団によって虐殺された。（カール・リープクネヒトも同日）"
1,15,1935,PRC,遵義会議,"長征の途上、毛沢東が中国共産党内部での指導権を確立した。（会議開始日）"
1,16,1980,SOV,アンドレイ・サハロフ、流刑に,"ソ連の物理学者で人権活動家のアンドレイ・サハロフがゴリキー市へ流刑にされた。"
1,17,1966,PRC,毛沢東、党中央に対して権力奪回を宣言,"文化大革命初期、毛沢東が劉少奇らに対する批判を強めた。"
1,18,1925,SOV,モスクワのソビエト大会でスターリンが反対派を批判,"スターリンがトロツキーらを公に批判し、権力掌握に向けた動きを加速させた。"
1,19,1946,VIE,ベトナム民主共和国、初の国会選挙,"ベトナム民主共和国（北ベトナム）で、フランスからの独立を宣言して初の国会選挙が実施された。"
1,20,1981,SOV,ブレジネフ主義の終焉（レーガン就任）,"アメリカ大統領にロナルド・レーガンが就任。ソ連に対する強硬姿勢が冷戦を再燃させた。"
1,21,1924,SOV,レーニン死去 💀,"ソビエト連邦の建国者であるウラジーミル・イリイチ・レーニンが死去。"
1,22,1905,RUS,血の日曜日事件（旧暦） 🔪,"ロシア正教会暦の1月9日、血の日曜日事件が発生。"
1,23,1950,VIE,ベトナム民主共和国、ソ連承認 🤝,"ソ連がホー・チ・ミン率いるベトナム民主共和国（北ベトナム）を承認。"
1,24,1947,JAP,日本共産党、GHQに「民主革命論」を提出,"占領下の日本で、日本共産党がGHQに対し、日本の民主化と社会主義への移行に関する見解を提出。"
1,25,1949,SOV,経済相互援助会議（COMECON）設立 ⚙️,"ソ連と東欧諸国を中心に、経済協力を行うための組織が設立された。"
1,26,1924,SOV,ペトログラードがレニングラードに改称された日,"今はサンクトペテルブルクです"
1,26,1934,POR,ドイツとポーランドとの間に結ばれた国際条約である。"この条約の中でドイツとポーランドの両国は、以後10年間にわたって、諸問題を両国の交渉によって解決し、武力を用いないことを誓約している。"
1,27,1945,SOV,アウシュヴィッツ＝ビルケナウ強制収容所がソ連軍により解放🇵🇰🇵🇱,1979年、第一・第二強制収容所の遺構は第二次世界大戦における悲劇の証拠であり後世に語り継ぐべきものとして、ユネスコの世界遺産に登録された。日本では、いわゆる「負の世界遺産」に挙げられる。"
1,28,1973,VIE,ベトナム戦争終結のための「パリ協定」が発効。,しかしパリ平和会議への道のりは長かった。北側と南側は各代表団が用いる机の形を巡ってまで論争を繰り返した。北側は全ての代表が公平にみなされるように円形テーブルを用いるよう主張、南側は南北の対極がはっきりと示されるように長方形のテーブルを用いるよう主張、双方一歩も譲らず数か月にわたって事前協議は空転した。結局北ベトナム政府と南ベトナム政府の代表が円形テーブルにつき、アメリカと臨時革命政府の代表は円形テーブルの周囲に個々に配置された長方形テーブルにつくことで妥協をみた。"
1,29,1730,RUS,ピョートル2世の忌引,"1715年10月23日に生まれた後、間もなく母を失い、父も1718年に廃嫡され非業の死を遂げたため、当初は後継候補から除外されていた。"
1,30,1933,GER,ドイツでヒンデンブルク大統領がヒトラーを首相に指名。🇩🇪,"下の世界（ナチス）は死のうね！"
1,31,1944,SOV,スターリングラード攻防戦、ドイツ軍のフリードリヒ・パウルス司令官と幕僚がソ連軍に降伏。,"シュミロフ中将は、バルバロッサ作戦の立案に参画したパウルス元帥ほどの大物が投降するとは思っておらず、司令部に案内されてきたパウルスに身分証明書の提示を求めたほどだった。"
2,1,1928,JAP,日本共産党の機関紙『赤旗』（現 『しんぶん赤旗』）が創刊。🇯🇵,"戦前創刊当時の「赤旗」の読みは音読みで「せっき」"
2,2,1943,SOV,スターリングラード攻防戦がソ連の勝利で終結。,"戦前には60万を数えたスターリングラードの住民は、攻防戦が終結した時点でわずか9796名に激減していた。"
2,3,1966,SOV,ソ連の無人宇宙探査機「ルナ9号」が史上初めて月面軟着陸に成功。,"2月3日、ルナ9号は月面まで8300kmの距離で姿勢制御を開始した。月面まで75kmに迫ったところで、着陸へ向けての逆噴射が始まった。探査機は順調に減速を続け、高度250mでメインの逆噴射ロケットの燃焼を終了し、4つの副エンジンによる減速に切り替えられた。高度5mで副エンジンの燃焼も停止され、同時にランダーが分離された。ランダーは時速22kmで月面に衝突し、エアバッグによって跳ね返り転がっていたが、やがて月面で静止し、人類初の月面軟着陸が成立した。"
2,4,1945,SOV,ヤルタ会談開催 🤝,"ソ連、アメリカ、イギリスの首脳（スターリン、ルーズベルト、チャーチル）が戦後の世界について協議した。（開催初日）"
2,5,1917,MEX,憲法記念日（メキシコ）,"1917年のこの日メキシコの憲法が制定されました。共産関係ないって？ネタがないからね。仕方ないね。"
2,6,1989,POL,円卓会議開始 🤝,"ポーランド政府と自主管理労働組合「連帯」の間で、民主化に向けた円卓会議が開始された。"
2,7,1990,SOV,ソ連共産党中央委員会が、共産党一党独裁制の放棄を採択。,"もう終わりだよこの祖国"
2,8,1948,PRK,朝鮮人民軍創設,"朝鮮人民軍は、朝鮮人民の完全な開放、朝鮮半島の統一、国家の人民の安全、社会主義建設、海外勢力の支援の5つの役割を持つ軍隊である。人民軍は陸軍、海軍、空軍、戦略軍、特殊作戦軍の5つを擁している。"
2,9,1975,SOV,ソユーズ17号が地球に帰還,"宇宙滞在時間の最長記録を29日間に更新。"
2,10,1962,SOV,ソ連でジダーノフ批判が始まる。,"「ジダーノフに対する批判」ではなく、「ジダーノフによる批判」である。"
2,11,1977,JAP,革労協書記長内ゲバ殺人事件,"2月21日付の革マル派機関紙「解放」で、革マル派は事実上の犯行声明を出した。茨城県警察は、革マル派による内ゲバ殺人事件と断定した。"
2,12,1961,SOV,ソ連が世界初の金星探査機「ベネラ1号」を打ち上げ,"ベネラ1号は宇宙船設計の重要なマイルストーンであった。最初の近代的宇宙探査機であり、それまでにない多くの先進性を備えていた。フライト中の大部分は姿勢を安定させるために機体にスピンを掛けていたが、それにも関わらず中間軌道修正を行えるように設計されており、その時にはスピンを解除して太陽と星（カノープス）測定によって機体向きを決定し、3軸安定モードへ入るようになっていた。そして金星到達後は今度は太陽と地球を用いて別の3軸安定モードへ入り、データをパラボラアンテナで中継するようになっていた。"
2,13,1984,SOV,9日に死亡したソ連書記長ユーリ・アンドロポフの後任にチェルネンコ政治局員が就任,"チェルネンコの祖先はシベリア送りにされたウクライナ人であった。"
2,14,1919,SOV,ポーランド・ソビエト戦争が開戦。,"ポーランド軍は一時キエフを占領しました"
2,15,1989,SOV,ソ連軍、アフガニスタンから完全撤退 🕊️,"10年にわたるソ連のアフガニスタン侵攻が終了し、ソ連軍が全兵力を撤退させた。"
2,16,1942,PRK,金正日の誕生日,"戦後の党再建において、の指導者として活動を開始した。"
2,17,1979,PRC,中越戦争勃発 ⚔️,"中国がベトナムのカンボジア侵攻への報復として、ベトナムへの懲罰的攻撃を開始した。"
2,18,1948,ZZZ,旧正月,"めんどいから省略させて"
2,19,1986,SOV, ソビエト連邦が宇宙ステーション「ミール」を打ち上げ,"ミールという名前は、ロシア語で「平和」「世界」を意味する。"
2,21,1848,GER,共産党宣言発表 📖,"カール・マルクスとフリードリヒ・エンゲルスが『共産党宣言』をロンドンで発表した。"
2,22,1907,JAP,日本社会党に対し結社禁止命令,"日本社会党（にほんしゃかいとう、旧字体：日本社會黨）は、明治期の政党の一つ。日本で最初の合法社会主義政党である"
2,23,1918,RUS,祖国防衛の日，"1918年の第一次世界大戦下のこの日、ソビエト連邦の赤軍（→ソ連地上軍→ロシア陸軍）がドイツ帝国軍（→ヴァイマル共和国軍→ドイツ国防軍→ドイツ連邦軍）に初めて勝利したことを記念。当初は赤軍の日で、1949年に陸軍記念日となり、ソビエト連邦の崩壊後の1991年に現在の名称になった。"
2,24,1918,SOV,エストニアがロシア・ソビエト連邦社会主義共和国からの独立を宣言,"そのまま"
2,25,1956,SOV,ソ連共産党第20回大会,"フルシチョフ第一書記がスターリン批判の演説を行う。"
2,26,1991,KUW,解放記念日（クウェート）,"1991年のこの日、湾岸戦争で、イラクのフセイン大統領が軍をクウェートから撤退させるとラジオで表明した。"
2,27,1933,GER,ドイツ国会議事堂放火事件,"共産党員マリヌス・ファン・デア・ルッベが犯人とされ、ナチスが共産党弾圧の口実とした。"
2,28,1947,CHI,二・二八事件,"1947年2月27日、台北市で一人の取締官がタバコを売っていた台湾人の女を取り調べている時、群衆の中の誰かが発砲して見物人を殺し、円環闇煙草取り締まり事件が起きた。翌2月28日には台湾人による市庁舎への抗議デモが行われた。しかし、憲兵隊がこれに発砲、抗争はたちまち台湾全土に広がることとなった。中国共産党のスパイがその隙を狙って国民政府に対する武装反乱を起こし、国民政府は軍隊を派遣して反乱を鎮圧した。蔣介石は二・二八事件の後に事情の経緯を知り、陳儀の二・二八事件に対する処理が不適切だと判断して陳儀を非難した。"
2,29,0000,ZZZ,閏年,"閏年"
3,1,1919,SOV,コミンテルン（第三インターナショナル）創立,"レーニンの提唱で、世界革命を目指す国際組織がモスクワで設立された。（設立大会開始）"
3,1,1946,JAP,日本共産党、徳田球一らが「民主的統一戦線」を提唱,"戦後の党再建において、他の民主勢力との統一戦線構築を提唱した。"
3,2,1949,SOV,ソ連、ソビエト人民議会で軍事費削減を採択,"戦後の復興を優先し、軍事費の一部削減を決定した。"
3,3,1918,SOV,ブレスト＝リトフスク条約締結,"ソビエト政権が第一次世界大戦から離脱するため、ドイツと屈辱的な単独講和条約を結んだ。"
3,4,1946,JAP,日本共産党、野坂参三が「愛される共産党」を提唱,"戦後の合法活動の中で、国民に受け入れられる党を目指すスローガンを掲げた。"
3,5,1953,SOV,スターリン死去 💀,"ソビエト連邦の最高指導者ヨシフ・スターリンが死去。"
3,6,1980,POL,ヤルゼルスキ、ポーランド首相に就任,"ポーランドでヴォイチェフ・ヤルゼルスキが首相に就任。後に戒厳令を布告した。"
3,7,1968,CZE,プラハの春、検閲廃止を宣言,"チェコスロバキア政府が報道機関の検閲を公式に廃止し、改革が加速した。"
3,8,1917,RUS,二月革命勃発,"ロシアで市民と兵士によるデモが勃発し、ロマノフ朝が崩壊した。（旧暦2月23日/新暦3月8日）"
3,9,1989,SOV,ソ連、新たな選挙制度導入,"ゴルバチョフの改革の一環として、競争選挙を部分的に認める人民代議員大会の選挙法が導入された。"
3,10,1952,CUB,フルヘンシオ・バティスタのクーデター,"キューバでバティスタがクーデターを起こし、独裁政権を樹立。カストロらの革命運動のきっかけとなった。"
3,11,1919,SOV,ハンガリー・ソビエト共和国成立,"ハンガリーで共産主義政権が樹立されたが、約4ヶ月で崩壊した。（日付は政権樹立宣言日）"
3,12,1990,SOV,ソ連、複数政党制を導入,"ソ連人民代議員大会が憲法第6条を廃止し、ソ連共産党の一党独裁制を公式に放棄した。（最終決定日）"
3,13,1986,SOV,ゴルバチョフ、グラスノスチ提唱 💡,"ゴルバチョフが情報公開（グラスノスチ）を提唱し、ソ連社会の民主化に向けた動きが加速した。"
3,14,1883,ENG,カール・マルクス死去 💀,"科学的社会主義の創始者であるウラジーミル・イリイチ・レーニンが死去。"
3,15,1927,PRC,南京事件,"中国国民党軍が南京で外国人に対して暴行・略奪を行った事件。国共合作の破綻が近づいた。"
3,16,1968,VIE,ソンミ村虐殺事件,"ベトナム戦争で米軍がソンミ村の非武装の民間人を大量虐殺した事件が起きた。"
3,17,1927,PRC,中国国民党、上海で共産党員を弾圧,"蒋介石が上海で共産党員や労働者指導者を逮捕・処刑し始めた。（四・一二事件の前触れ）"
3,18,1871,FRA,パリ・コミューン成立 🚩,"史上初の労働者による自治政府が樹立された。（ティエール政府との衝突から成立）"
3,19,1921,SOV,クロンシュタットの反乱鎮圧,"ソビエト政権に対する水兵らの反乱が鎮圧され、戦時共産主義への不満が露呈した。"
3,20,1956,TUN,チュニジア独立,"チュニジアがフランスから独立。アラブ社会主義や共産主義勢力の台頭に影響を与えた。"
3,21,1921,SOV,ネップ（NEP）導入,"レーニンが戦時共産主義を停止し、市場経済を一部導入する新経済政策（NEP）を導入した。"
3,22,1923,SOV,レーニン、党にスターリンを批判する書簡を送る,"レーニンがスターリンの書記長職からの解任を求める書簡を党中央に送った。（公開されず）"
3,23,1917,SOV,二月革命後、ボリシェヴィキの機関紙『プラウダ』再刊,"二月革命で帝政が倒れた後、ボリシェヴィキの機関紙が再刊された。"
3,24,1947,GRE,ギリシャ内戦激化 🛡️,"ギリシャ共産党が主導する民主軍と政府軍との内戦が激化。"
3,25,1957,PRC,百花斉放の時期、毛沢東が知識人の発言を奨励,"毛沢東が「百花斉放」のスローガンを発表し、知識人に自由な意見表明を促した。"
3,26,1971,PAK,バングラデシュ独立戦争開始,"東パキスタンが独立を宣言し、バングラデシュ独立戦争が勃発。インドやソ連が関与した。"
3,27,1968,SOV,ユーリ・ガガーリン死去 💀,"ソ連の宇宙飛行士で、人類初の宇宙飛行を達成したガガーリンが航空機事故で死去。"
3,28,1927,PRC,上海クーデター（四・一二事件）,"蒋介石が上海の共産党員や労働者運動を弾圧。国共合作が崩壊し、内戦に突入。"
3,29,1947,FRA,フランス共産党がストライキ主導,"フランス共産党（PCF）が労働者の不満を背景に大規模なストライキを主導した。"
3,30,1981,USA,レーガン大統領暗殺未遂,"アメリカのロナルド・レーガン大統領が銃撃された事件。冷戦期のアメリカの指導者に対する攻撃として注目された。"
3,31,1968,USA,リンドン・ジョンソン大統領、ベトナム爆撃停止を宣言,"アメリカのジョンソン大統領が、北ベトナムへの爆撃の一部停止を宣言し、和平交渉への道を開いた。"
4,1,1920,SOV,ポーランド・ソビエト戦争勃発 ⚔️,"ポーランドがウクライナの支配を目指し侵攻。ソビエト政権との間で戦争が勃発した。"
4,2,1968,SOV,ソ連がプラハの春への介入を警告,"ソ連のブレジネフがチェコスロバキアのドゥプチェクに対し、改革の行き過ぎを警告した。"
4,3,1956,HUN,ハンガリー、スターリン主義者を追放,"ハンガリー労働者党（共産党）が、スターリン主義時代の指導者たちを追放する決定を行った。"
4,4,1968,USA,マーティン・ルーサー・キング・ジュニア暗殺 💀,"アメリカの公民権運動指導者が暗殺。社会主義運動とも関連が深く、世界の左派に衝撃を与えた。"
4,5,1923,JAP,第1次日本共産党事件,"非合法下の日本共産党に対する最初の弾圧。党指導部が検挙された。（主要な検挙日）"
4,6,1917,SOV,レーニン、亡命先から帰国 🚂,"レーニンがスイスからペトログラードに帰着し、「四月テーゼ」を発表。"
4,7,1954,VIE,ディエンビエンフーの戦い、フランス軍の窮地,"ベトミンの攻勢により、ディエンビエンフーのフランス軍が壊滅的な状況に追い込まれた。"
4,8,1980,YUG,ヨシップ・ブロズ・チトー、昏睡状態に,"ユーゴスラビアの終身大統領チトーが死去の直前に昏睡状態に陥った。"
4,9,1953,SOV,ベリヤ、レーニン勲章を受勲,"スターリン死後、権力を握り始めたベリヤがレーニン勲章を受勲。（後に失脚・処刑）"
4,10,1946,JAP,日本共産党、衆議院に初議席,"戦後初の総選挙で日本共産党が5議席を獲得し、衆議院に初めて議席を得た。"
4,11,1985,ALB,エンヴェル・ホッジャ死去 💀,"アルバニア労働党第一書記として約40年間独裁体制を敷いたエンヴェル・ホッジャが死去。"
4,12,1961,SOV,ユーリ・ガガーリン、人類初の宇宙飛行 🚀,"ソ連のガガーリンがヴォストーク1号で地球周回軌道へ。ソ連の科学技術力を世界に示した。"
4,13,1991,SOV,ソ連・日本、領土問題の交渉,"ゴルバチョフが日本の海部首相と会談し、北方領土問題について交渉を開始した。（初のソ連最高指導者来日）"
4,14,1988,SOV,ソ連、アフガニスタンから撤退合意,"ソ連、アフガニスタン、パキスタン、米国の間で合意が成立し、ソ連軍撤退が決定。"
4,15,1989,PRC,胡耀邦死去,"中国共産党元総書記で改革派の胡耀邦が死去。彼の死が天安門事件の引き金となった。"
4,16,1961,CUB,キューバ、社会主義を宣言,"フィデル・カストロがキューバ革命の性格を社会主義であると正式に宣言した。"
4,17,1961,CUB,ピッグス湾事件,"キューバのカストロ政権を倒すためにアメリカが支援した部隊が侵攻したが失敗した。"
4,17,1975,CAM,クメール・ルージュ、プノンペン入城 🔴,"ポル・ポト率いるクメール・ルージュがカンボジアの首都を占領。"
4,18,1955,AFR,バンドン会議開催,"アジア・アフリカ諸国が集まり、冷戦下の非同盟主義を確立した。（開催初日）"
4,19,1956,SOV,コミンフォルム解散,"ソ連が主導した共産党情報局（コミンフォルム）が解散し、世界共産主義運動が多極化の傾向を見せた。"
4,20,1979,PRC,中国、民主化運動家を逮捕,"改革開放下の中国で、民主化を求める「北京の春」の活動家が逮捕された。"
4,21,1960,BRA,ブラジルの新首都ブラジリア建設完了,"社会主義的な要素を含む都市計画で建設されたブラジリアが首都となった。"
4,22,1870,SOV,ウラジーミル・イリイチ・レーニン生誕日 🎂,"ロシア革命の指導者、ソ連の建国者レーニンがシムビルスク（現ウリヤノフスク）で生まれた。"
4,22,1925,JAP,治安維持法成立,"日本で共産主義運動などを取り締まるための法律が制定され、非合法下の日本共産党への弾圧が激化した。（法律施行日）"
4,23,1951,JAP,日本共産党、武装闘争路線が本格化,"日本共産党が山村工作隊などによる武装闘争路線を本格化させた時期。"
4,24,1922,SOV,スターリン、ソ連共産党書記長に就任,"レーニンの反対にも関わらず、ヨシフ・スターリンが党書記長に就任し、権力掌握への足がかりを得た。"
4,25,1974,POR,カーネーション革命,"ポルトガルで軍事クーデターが発生し、共産党が一時的に政権内で大きな影響力を持った。"
4,26,1986,SOV,チェルノブイリ原発事故 ☢️,"ソ連ウクライナで史上最悪の原発事故が発生。"
4,27,1961,GDR,東ドイツ、ベルリンの壁建設を非公式に示唆,"東ドイツ政府関係者が、ベルリンの境界を閉鎖する可能性について言及した。"
4,28,1945,ITA,ベニート・ムッソリーニ処刑 💀,"イタリアのファシスト指導者ムッソリーニがパルチザンによって処刑された。"
4,29,1975,VIE,アメリカ、サイゴンから最後の撤退,"ベトナム戦争末期、アメリカ大使館員らがヘリコプターでサイゴンから脱出した。（フリークエント・ウィンド作戦）"
4,30,1975,VIE,サイゴン陥落（南部解放） 🏆,"北ベトナム軍がサイゴンを制圧し、ベトナム戦争が終結した。"
5,1,1886,USA,ヘイマーケット事件 ✊,"アメリカで労働者のストライキ中に爆弾が爆発。メーデーの起源の一つとなった。"
5,1,1937,SOV,メーデー（国際労働者の日） ✊,"労働者の権利を主張する国際的な記念日。（ソ連では盛大な軍事パレード）"
5,2,1956,PRC,百花斉放・百家争鳴,"毛沢東が知識人に自由な意見表明を奨励する運動を開始した。（毛沢東演説日）"
5,3,1980,YUG,ヨシップ・ブロズ・チトー死去 💀,"ユーゴスラビア社会主義連邦共和国の終身大統領チトーが死去。（公式発表）"
5,4,1919,PRC,五・四運動,"中国で反帝国主義の学生運動が発生。中国共産党の創立に思想的影響を与えた。"
5,5,1818,GER,カール・マルクス生誕日 🎂,"科学的社会主義の創始者であるカール・マルクスがトリーアで生まれた。"
5,5,1912,RUS,プラウダ創刊,"レーニンが指導したボリシェヴィキの機関紙『プラウダ』（真実）がサンクトペテルブルクで創刊された。"
5,6,1958,PRC,大躍進政策開始,"中国共産党第8期中央委員会第2回会議で、大躍進政策が本格的に採択された。（会議終了日）"
5,7,1954,VIE,ディエンビエンフーの戦い終結 🇫🇷❌,"ベトミン（ホー・チ・ミン）がフランス軍に勝利し、第一次インドシナ戦争が終結。"
5,8,1945,GER,対独戦勝記念日（西側） 🏆,"西側連合国がナチス・ドイツの降伏を祝う日。（VEデー）"
5,9,1945,SOV,対独戦勝記念日 🏆,"ソビエト連邦がナチス・ドイツに対する勝利を祝う日。（ロシア、東欧諸国）"
5,10,1928,PRC,張作霖爆殺事件,"関東軍が張作霖を爆殺。中国共産党にとっては国民党政府との対立が深まる要因となった。"
5,11,1945,JAP,日本共産党、志賀義雄ら釈放,"戦後の非合法活動で逮捕されていた日本共産党の指導者たちがGHQにより釈放された。"
5,12,1949,GER,ベルリン封鎖の解除,"ソ連による西ベルリンへの物資輸送遮断が解除され、冷戦下の緊張が一時的に緩和された。"
5,13,1958,FRA,アルジェリア危機（フランス共産党の動向）,"アルジェリアを巡るフランスの政治危機で、フランス共産党が左派勢力として影響力を持った。"
5,14,1955,SOV,ワルシャワ条約機構設立 🛡️,"NATOに対抗するため、ソ連と東欧諸国が軍事同盟を結成した。"
5,15,1948,ISR,イスラエル建国,"中東における冷戦下の社会主義運動、共産主義勢力の動向に影響を与えた。"
5,16,1966,PRC,文化大革命開始 🗣️,"中国共産党中央委員会が「五・一六通知」を採択し、毛沢東主導の文革が本格的に始まった。"
5,17,1954,VIE,フランス、ベトミンの勝利を認める,"ディエンビエンフーでの敗北後、フランスがベトミンの勝利を認めた。"
5,18,1924,SOV,第13回ソ連共産党大会,"レーニンの遺言（遺書）が議題となり、スターリンが一時的に辞意を表明するも撤回された。"
5,19,1890,VIE,ホー・チ・ミン生誕日 🎂,"ベトナム革命の父、ホー・チ・ミンが生まれた。"
5,20,1947,JAP,日本共産党、政府への抗議デモ,"インフレや食糧難に対する政府の政策に反対し、日本共産党が大規模な抗議デモを主導した。"
5,21,1927,PRC,馬日事件,"湖南省で国民党の軍閥が共産党員や農民運動家を弾圧した事件。"
5,22,1972,SOV,ニクソン大統領がモスクワ訪問 🤝,"アメリカのリチャード・ニクソン大統領がソ連を訪問し、デタント（緊張緩和）が加速した。"
5,23,1871,FRA,パリ・コミューン崩壊（血の週間） 🔪,"パリ・コミューンがヴェルサイユ政府軍により鎮圧され、数万人の犠牲者を出した。（鎮圧期間開始）"
5,24,1949,GDR,ドイツ連邦共和国（西ドイツ）基本法制定,"西側占領地域の統合が確定し、西ドイツの建国が事実上決定した。"
5,25,1925,JAP,第2次日本共産党事件,"治安維持法下の日本で、非合法の日本共産党指導部が再び検挙された。"
5,26,1988,SOV,ソ連、協同組合法を採択,"ゴルバチョフのペレストロイカの一環として、協同組合の設立・運営を認める法律が採択された。"
5,27,1948,FRA,フランス共産党、労働者の大規模ストライキを主導,"フランス共産党が主導し、戦後の経済政策に反対する大規模ストライキが行われた。"
5,28,1918,SOV,ロシア内戦における食糧徴発隊の設置,"ボリシェヴィキが農民から食糧を強制的に徴発するため、食糧徴発隊を設置。戦時共産主義の一環。"
5,29,1953,SOV,ベリヤ、失脚（スターリン死後）,"スターリンの死後、権力闘争に敗れたラヴレンチー・ベリヤが逮捕された。"
5,30,1925,PRC,五・三〇事件,"上海で大規模な反帝国主義運動が発生。中国共産党が学生・労働者を指導。"
5,31,1958,PRK,金日成、党内反対派を粛清,"朝鮮労働党内部で、ソ連派や延安派などの反対勢力に対する金日成による大規模な粛清が完了した。"
6,1,1989,POL,ポーランド自由選挙 🗳️,"東欧で初めての部分的自由選挙が実施され、「連帯」が圧勝。"
6,2,1953,GDR,東ドイツ、経済政策の失敗を認める,"東ドイツ政府が、工業化の失敗と労働者からの不満を受け、新方針を公表した。"
6,3,1953,GDR,東ドイツの労働者暴動（6月17日の前触れ）,"東ベルリンで労働者がノルマ引き上げに反対し、暴動が勃発した。"
6,4,1989,PRC,天安門事件武力鎮圧開始 🔪,"中国当局が民主化要求デモに対し、武力による鎮圧を開始した。"
6,4,1937,FRA,フランス人民戦線内閣成立,"フランス共産党が参加した人民戦線内閣が成立。労働者の権利向上に貢献した。（ブレム内閣成立日）"
6,5,1975,USA,アメリカ、ベトナム撤退を完了,"アメリカ議会が南ベトナムへの援助を停止し、ベトナムからの完全撤退が完了した。"
6,6,1944,GER,ノルマンディー上陸作戦開始,"連合国によるヨーロッパ解放の作戦が開始。ソ連軍の東部戦線への圧力を軽減させた。"
6,7,1929,SOV,コミンテルン第10回拡大執行委員会,"スターリンによる「社会ファシズム」論が採択され、社会民主主義政党との協力が否定された。"
6,8,1991,RUS,ロシア連邦、エリツィン大統領に就任,"エリツィンがロシアの初代大統領に就任。ソ連崩壊への流れを決定づけた。"
6,9,1953,SOV,ベリヤ、逮捕後に失脚,"スターリン死後の権力闘争でベリヤが逮捕されたことが党内で公表された。"
6,10,1923,SOV,レーニン、脳卒中で発言能力を失う,"レーニンが3回目の脳卒中を起こし、政治的な活動が不可能になった。"
6,11,1948,FIN,ソ連・フィンランド友好条約締結,"ソ連がフィンランドを中立国として容認する条約を締結し、「フィンランド化」の概念が生まれた。"
6,12,1991,RUS,ロシア連邦、エリツィン大統領選出,"ソ連崩壊直前、エリツィンがロシア・ソビエト連邦社会主義共和国の初代大統領に選出された。"
6,13,1958,HUN,ハンガリーのナジ・イムレ裁判開始,"1956年のハンガリー動乱の指導者ナジ・イムレに対する秘密裁判が開始された。"
6,14,1927,JAP,第3次日本共産党事件（三・一五事件の続報）,"非合法下の日本共産党に対する弾圧が継続し、指導部が検挙された。"
6,15,1917,SOV,ボリシェヴィキの機関紙『プラウダ』が臨時政府への不信任を表明,"ボリシェヴィキが臨時政府に対する強硬な姿勢を示し、十月革命に向けて動き出した。"
6,16,1963,SOV,ワレンチナ・テレシコワ、初の女性宇宙飛行士に 🚀,"ソ連のテレシコワが宇宙へ。ソ連の社会主義における女性の地位向上を象徴した。"
6,17,1953,GDR,東ベルリン暴動 💥,"東ドイツの労働者がノルマ引き上げなどに抗議し、大規模な暴動が発生。ソ連軍に鎮圧された。"
6,18,1980,POL,ヤルゼルスキ、ポーランド首相に就任,"ポーランドでヴォイチェフ・ヤルゼルスキが首相に就任。後に戒厳令を布告した。"
6,19,1948,SOV,ソ連が西ベルリンへの鉄道・道路アクセスを遮断,"ベルリン封鎖が本格化し、冷戦の緊張が高まった。"
6,20,1959,JAP,安保闘争、国会突入の危機,"日米安全保障条約改定に対する大規模な抗議活動が行われ、共産党や社会党が参加した。"
6,21,1920,JAP,日本社会主義同盟結成,"堺利彦らが結成した非合法組織。後の日本共産党結成に繋がった。"
6,22,1941,SOV,独ソ戦開始 🛡️,"ナチス・ドイツが独ソ不可侵条約を破棄し、ソ連に侵攻（バルバロッサ作戦）。"
6,23,1956,POL,ポズナン暴動 💥,"ポーランドのポズナンで労働者が蜂起。ソ連の支配に対する不満が噴出した。"
6,24,1948,SOV,ベルリン封鎖開始,"ソ連が西ベルリンへの全ての陸路アクセスを遮断し、ベルリン空輸が開始された。"
6,25,1950,PRK,朝鮮戦争勃発,"北朝鮮が韓国に侵攻。中国とソ連が支援し、国際的な紛争に発展した。"
6,26,1968,SOV,ソ連、チェコへの介入を警告（ドレスデン会議）,"ワルシャワ条約機構加盟国の指導者が集まり、チェコスロバキアの改革（プラハの春）を批判した。"
6,27,1991,YUG,ユーゴスラビア紛争勃発,"スロベニアでの十日間戦争が勃発し、連邦制ユーゴスラビアの崩壊と紛争の連鎖が始まった。"
6,28,1948,YUG,コミンフォルム決議（チトーとの決別） ❌,"ユーゴスラビア共産党がコミンフォルムから除名され、独自の路線を歩んだ。"
6,29,1948,JAP,日本共産党、野坂参三が再び衆議院議員に,"戦後の総選挙で野坂参三が当選。日本共産党の合法化と政治参加が進んだ。"
6,30,1934,GER,長いナイフの夜（ナチスによる粛清）,"ナチス・ドイツが党内反対派や突撃隊（SA）幹部を粛清。共産党弾圧後の全体主義確立を意味した。"
7,1,1921,PRC,中国共産党創立記念日 🚩,"中国共産党の創立大会が開催された。公式にはこの日が創立記念日。"
7,1,1947,PHI,フィリピン、ホクバラハップの反乱,"フィリピンの共産主義ゲリラ組織ホクバラハップが政府に対して大規模な反乱を開始した。"
7,2,1976,VIE,ベトナム社会主義共和国成立 🇻🇳,"南北ベトナムが統一され、ベトナム社会主義共和国が成立した。"
7,3,1962,ALG,アルジェリア独立,"アルジェリアがフランスから独立。アラブ社会主義国家の誕生として注目された。"
7,4,1961,SOV,フルシチョフがスターリンの遺体をレーニン廟から撤去,"スターリン批判の一環として、フルシチョフがスターリンの遺体をレーニン廟から撤去する決定を行った。"
7,5,1943,SOV,クルスクの戦い開始 🛡️,"ソ連とドイツの間で史上最大の戦車戦とされるクルスクの戦いが始まった。"
7,6,1975,PRC,中国、鄧小平が軍総参謀長に就任,"文化大革命終盤、実権派の鄧小平が軍の要職に復帰し、権力回復への足がかりを得た。"
7,7,1937,PRC,盧溝橋事件（日中戦争勃発） ⚔️,"日本と中国の間で戦闘が開始。中国共産党は国民党との第二次国共合作に踏み切った。"
7,8,1959,CUB,キューバ、アメリカの援助を拒否,"カストロ政権がアメリカからの援助を拒否し、ソ連との関係強化へ向かう姿勢を見せた。"
7,9,1956,JAP,日本共産党、六全協で方針転換,"武装闘争路線を自己批判し、議会重視の路線に転換した。（大会終了日）"
7,10,1980,SOV,ゴルバチョフがソ連共産党中央委員会書記に就任,"ゴルバチョフが農業担当書記として中央の要職に就き、後の最高指導者への道を歩み始めた。"
7,11,1924,SOV,トロツキー、政治局会議で批判される,"スターリンを中心とするトロイカ（ジノヴィエフ、カーメネフ、スターリン）によってトロツキーが批判された。"
7,12,1991,RUS,エリツィン、ロシア大統領に就任,"ロシア連邦の初代大統領としてエリツィンが正式に就任した。"
7,13,1979,NIC,ニカラグア革命、ソモサ独裁政権崩壊,"サンディニスタ民族解放戦線がソモサ独裁政権を打倒。社会主義政権が樹立された。"
7,14,1935,SOV,第7回コミンテルン世界大会開始,"反ファシズム人民戦線の方針が採択され、各国共産党の戦略に大きな転換をもたらした。"
7,15,1922,JAP,日本共産党創立記念日 🚩,"堺利彦、山川均らによって非合法下の日本共産党が創立された。"
7,16,1925,ITA,イタリア共産党、非合法化,"ムッソリーニのファシスト政権により、イタリア共産党が非合法化された。"
7,17,1918,SOV,ロシア皇帝ニコライ2世一家処刑,"ボリシェヴィキにより、ロシア最後の皇帝一家がエカテリンブルクで処刑された。"
7,18,1993,JAP,日本共産党、総選挙で後退,"非自民連立政権の成立などで、日本共産党が選挙で議席を大きく減らした。"
7,19,1979,NIC,サンディニスタ革命勝利,"ニカラグアでサンディニスタ民族解放戦線がソモサ独裁政権を打倒。"
7,20,1951,JAP,日本共産党、武装闘争路線の採用,"日本共産党第5回全国協議会で、徳田球一ら指導部が武装闘争路線（山村工作隊など）を採用。"
7,21,1954,VIE,ジュネーブ協定調印,"第一次インドシナ戦争の和平協定。ベトナムが南北に分断された。"
7,22,1944,POL,ポーランド国民解放委員会（ルブリン委員会）結成,"ソ連の支援のもと、ポーランドに親ソ的な共産主義政権が樹立された。"
7,23,1952,EGY,エジプト革命,"エジプトで国王が追放され、ナセルを中心とするアラブ社会主義政権が樹立された。"
7,24,1968,SOV,ソ連、プラハの春への介入を強化,"ソ連のブレジネフがチェコのドゥプチェクに直接会い、改革の中止を要求した。"
7,25,1935,SOV,第7回コミンテルン世界大会終了,"反ファシズム人民戦線の方針が採択され、各国共産党の戦略に大きな転換をもたらした。（大会終了日）"
7,26,1953,CUB,モロ山兵舎襲撃事件 ⚔️,"フィデル・カストロが独裁政権に対する最初の武力行動を起こした（失敗）。"
7,27,1953,PRK,朝鮮戦争休戦協定締結 🕊️,"朝鮮戦争の休戦協定が板門店で調印された。"
7,27,1956,JAP,日本共産党、六全協で方針転換,"武装闘争路線を自己批判し、議会重視の路線に転換した。（大会開始日）"
7,28,1935,USA,アメリカ共産党、人民戦線に移行,"コミンテルン第7回大会の決定に基づき、アメリカ共産党も反ファシズムの人民戦線戦術に移行した。"
7,29,1938,SOV,ハサン湖事件（張鼓峰事件） ⚔️,"ソ連と日本の国境紛争。ソ連軍が日本軍を撃退した。"
7,30,1971,PRC,林彪事件（中国共産党内の権力闘争）,"毛沢東の後継者とされていた林彪が、毛沢東暗殺未遂の容疑で死亡した。（事件発覚時期）"
7,31,1959,IND,ケーララ州共産党政権の解任,"インドのケーララ州で共産党政権が中央政府により解任された。"
8,1,1957,PRC,中国、第1次五カ年計画の終了を宣言,"ソ連の援助のもとで進められた重工業化計画が完了したと発表された。"
8,2,1927,PRC,南昌蜂起 ⚔️,"中国共産党が武装蜂起を行い、中国人民解放軍の創設につながった。"
8,3,1968,CZE,ブラチスラヴァ宣言,"ソ連とワルシャワ条約機構加盟国がチェコに圧力をかけ、改革路線の放棄を要求した。"
8,4,1895,ENG,フリードリヒ・エンゲルス死去 💀,"マルクス主義の共同創始者であるフリードリヒ・エンゲルスがロンドンで死去。"
8,5,1963,SOV,部分的核実験禁止条約調印 🤝,"ソ連、アメリカ、イギリスの間で大気圏内、宇宙空間、水中での核実験を禁止する条約が調印された。"
8,6,1980,POL,グダニスク造船所でストライキ開始 ⚙️,"ポーランドのグダニスク造船所でレフ・ワレサが主導する大規模ストライキが開始された。（「連帯」結成のきっかけ）"
8,7,1927,PRC,八七会議 🔄,"中国共産党の緊急会議。毛沢東が「政権は銃口から生まれる」と発言した。"
8,8,1989,PRC,天安門事件後、民主化運動家を大量逮捕,"中国当局が天安門事件に関与した民主化運動家を大規模に逮捕した。"
8,9,1974,USA,リチャード・ニクソン大統領辞任,"ウォーターゲート事件によりニクソンが辞任。冷戦下の米ソ関係に一時的な変化をもたらした。"
8,10,1948,SOV,ソ連、遺伝学者ルイセンコの説を公式支持,"スターリンの意向でルイセンコの非科学的な遺伝学説が公式に支持され、ソ連の生物学に大きな打撃を与えた。"
8,11,1989,POL,タデウシュ・マゾヴィエツキ首相に就任,"ポーランドで非共産党員のマゾヴィエツキが首相に就任。東欧初の非共産党政権成立。（就任承認日）"
8,12,1989,POL,タデウシュ・マゾヴィエツキ首相就任,"ポーランドで非共産党員のマゾヴィエツキが首相に就任。東欧初の非共産党政権成立。"
8,13,1961,GDR,ベルリンの壁建設開始 🚧,"東ドイツ政府が西ベルリンを囲む「反ファシスト防壁」（ベルリンの壁）の建設を開始した。"
8,14,1980,POL,グダニスク造船所のストライキ拡大,"グダニスク造船所のストライキが全土に拡大。後の労働組合「連帯」結成につながった。"
8,15,1945,JAP,日本、第二次世界大戦終結（共産党員の釈放）,"日本の敗戦により、共産党員が多数獄中から釈放され、党の合法的な再建が始まった。"
8,16,1922,SOV,第一次ロシア内戦終結,"ロシア内戦が事実上終結し、ボリシェヴィキの勝利が確定した。（ウラル・シベリア方面の抵抗終了）"
8,17,1991,SOV,ソ連8月クーデター計画が策定される,"共産党保守派がゴルバチョフに対するクーデターの最終計画を策定した。"
8,18,1968,SOV,ソ連、チェコスロバキア介入を決定,"ワルシャワ条約機構軍がチェコスロバキアへの侵攻を最終決定した。"
8,19,1991,SOV,ソ連8月クーデター 🔫,"共産党保守派がゴルバチョフ大統領を監禁し、クーデターを試みたが失敗。"
8,20,1940,MEX,レフ・トロツキー暗殺 🔪,"ソ連からの亡命者でスターリンの最大の政敵であったレフ・トロツキーがメキシコシティで暗殺された。"
8,20,1968,CZE,ワルシャワ条約機構軍、チェコ侵攻 🛡️,"「プラハの春」の改革を阻止するため、ソ連を中心とする軍がチェコスロバキアに侵攻した。"
8,21,1956,PRC,中国共産党第8回大会開催,"毛沢東思想の絶対化を抑制し、経済建設を優先する方針が示された。（開催初日）"
8,22,1929,PRC,中東路事件,"ソ連と中国の間で東清鉄道の権益を巡る武力紛争が発生した。"
8,23,1939,SOV,独ソ不可侵条約締結 🤝,"ソ連（スターリン）とナチス・ドイツ（ヒトラー）の間で相互不可侵条約が締結された。"
8,24,1991,SOV,ゴルバチョフ、ソ連共産党書記長を辞任,"クーデター失敗を受け、ゴルバチョフは党の書記長を辞任し、党の活動停止を促した。"
8,25,1917,SOV,コルニロフ事件,"ロシアで軍のコルニロフ将軍がクーデターを試みたが、ボリシェヴィキと臨時政府が協力して鎮圧した。"
8,26,1920,SOV,ロシア・ポーランド戦争でソ連軍敗退,"ソ連軍がポーランド軍に敗退し、「ワルシャワの奇跡」と呼ばれる出来事が起こった。"
8,27,1928,SOV,スターリン、トロツキーをソ連国外追放に処す,"党内での権力闘争の結果、トロツキーのソ連国外追放が決定した。（決定日）"
8,28,1980,POL,グダニスク造船所のストライキ、譲歩の兆し,"ポーランド政府がストライキ側の一部要求を受け入れる姿勢を示した。"
8,29,1991,SOV,ソ連最高会議がソ連共産党の活動を停止,"ソ連8月クーデター失敗を受け、ソ連共産党の全ソ連邦での活動が停止された。"
8,30,1950,JAP,日本共産党、レッドパージの開始,"占領下の日本で、GHQの指示により日本共産党員や同調者が公職から追放され始めた。"
8,31,1980,POL,グダニスク協定締結 ⚙️,"ポーランドで自主管理労働組合「連帯」が政府と合意。東欧の民主化の第一歩となった。"
9,1,1939,GER,第二次世界大戦勃発 ⚔️,"ナチス・ドイツがポーランドに侵攻。独ソ不可侵条約下の出来事として、ソ連の動向にも影響を与えた。"
9,2,1945,VIE,ベトナム民主共和国の独立宣言 🇻🇳,"ホー・チ・ミンがベトナム民主共和国（北ベトナム）の独立を宣言した。"
9,3,1969,VIE,ホー・チ・ミン死去 💀,"ベトナム革命の指導者ホー・チ・ミンが死去。"
9,4,1970,CHI,サルバドール・アジェンデがチリ大統領に選出,"世界初の自由選挙で選ばれた社会主義大統領として、アジェンデがチリで政権を樹立した。"
9,5,1918,SOV,赤色テロ開始 🔪,"ボリシェヴィキ政権が反対派に対する大規模な弾圧（赤色テロ）を開始した。"
9,6,1991,RUS,レニングラードのサンクトペテルブルクへの改称,"ソ連崩壊の過程で、革命の象徴的都市が住民投票を経て元の名称に戻された。"
9,7,1979,PRC,中国、民主化運動家を逮捕,"「北京の春」の活動家魏京生が国家反逆罪で逮捕された。"
9,8,1989,HUN,ハンガリー、西ドイツへの越境を許可,"ハンガリーが東ドイツ国民の西側への越境を許可し、ベルリンの壁崩壊のきっかけの一つとなった。"
9,9,1976,PRC,毛沢東死去 💀,"中国共産党中央委員会主席、中華人民共和国の最高指導者である毛沢東が死去。"
9,10,1948,PRK,朝鮮民主主義人民共和国建国 🇰🇵,"ソ連の支援のもと、金日成を首相とする北朝鮮が建国された。"
9,11,1973,CHI,チリ・クーデター,"チリで社会主義政権のアジェンデ大統領が軍事クーデターにより倒された。"
9,12,1989,HUN,ハンガリー、社会主義を公式に放棄,"ハンガリー社会主義労働者党（共産党）が党名を変更し、社会主義を公式に放棄した。"
9,13,1971,PRC,林彪事件（飛行機墜落）,"毛沢東の後継者と目されていた林彪が、モンゴルで飛行機事故により死亡した。"
9,14,1867,ENG,『資本論』第1巻刊行 📚,"カール・マルクスの主著『資本論』の第1巻が出版された。"
9,15,1917,SOV,レーニン、「ボリシェヴィキは権力を獲得しなければならない」と主張,"臨時政府の弱体化を見て、レーニンは武装蜂起による権力掌握を主張する手紙を中央委員会に送った。"
9,16,1987,SOV,ゴルバチョフ、モンゴルとベトナムからのソ連軍撤退を表明,"ソ連の外交政策の転換を示す重要な発表。"
9,17,1980,POL,労働組合「連帯」創設,"ポーランドのグダニスクでレフ・ワレサらが自由な労働組合「連帯」を結成した。"
9,18,1931,PRC,満州事変（中国共産党の抗日戦線の開始）,"日本の関東軍が満州を占領。中国共産党は抗日戦線の準備を開始した。"
9,19,1989,POL,タデウシュ・マゾヴィエツキ内閣、信任投票に勝利,"東欧初の非共産党政権がポーランド議会の信任を得た。"
9,20,1949,PRC,中国人民政治協商会議開催,"中華人民共和国の国旗、国歌、首都などが決定され、毛沢東が中央人民政府主席に選出された。（準備会議開始）"
9,21,1921,SOV,ネップ導入後、市場経済が再開,"ネップ（新経済政策）により、ソ連国内で私的な小規模商業が許可された。"
9,22,1928,SOV,コミンテルン第6回大会、スターリンの「社会ファシズム」論採択,"社会民主主義者を「社会ファシスト」と規定する極左的な路線が採択された。（大会終了日）"
9,23,1949,GER,ドイツ民主共和国（東ドイツ）建国（準備）,"ソ連占領地域で東ドイツ建国に向けた人民議会が結成された。"
9,24,1949,SOV,ソ連、初の原子爆弾実験に成功 ⚛️,"ソ連が初の原爆実験に成功し、アメリカとの核の競争が本格化した。"
9,25,1988,SOV,ゴルバチョフがソ連共産党内の権力強化,"ゴルバチョフがソ連共産党中央委員会で、自身に権力を集中する人事を断行した。"
9,26,1989,SOV,ソ連、ワルシャワ条約機構軍のチェコ介入を公式に非難,"ソ連政府が1968年のチェコスロバキア介入を公式に誤りであったと認めた。"
9,27,1949,PRC,中華人民共和国の国旗・国歌が決定,"中国人民政治協商会議で国旗（五星紅旗）と国歌が正式に決定された。"
9,28,1864,ENG,第1インターナショナル創立,"カール・マルクスらがロンドンで国際労働者協会（第1インターナショナル）を創立。"
9,29,1938,EUR,ミュンヘン会談,"イギリス、フランス、ドイツ、イタリアがチェコスロバキアのズデーテン地方割譲に合意。ソ連の孤立が深まった。"
9,30,1949,PRC,中国人民政治協商会議開催,"中華人民共和国の国旗、国歌、首都などが決定され、毛沢東が中央人民政府主席に選出された。"
10,1,1949,PRC,中華人民共和国成立（国慶節） 🎉,"毛沢東が天安門広場で中華人民共和国の成立を宣言した。"
10,2,1948,JAP,日本共産党、志賀義雄が獄中から釈放,"戦前の非合法活動で逮捕されていた指導者の一人である志賀義雄が釈放された。"
10,3,1990,GER,東西ドイツ統一,"ドイツ民主共和国（東ドイツ）がドイツ連邦共和国（西ドイツ）に編入され、再統一された。"
10,4,1957,SOV,スプートニク1号打ち上げ 🚀,"ソ連が人類初の人工衛星打ち上げに成功。宇宙開発競争が本格化した。"
10,5,1917,SOV,臨時政府、ボリシェヴィキ指導者を逮捕,"臨時政府がボリシェヴィキの指導者に対する大規模な逮捕を開始した。（日付は当時の報道から）"
10,6,1950,TIB,人民解放軍、チベット侵攻開始,"中国人民解放軍がチベットに侵攻し、チベットの社会主義化への道を開いた。"
10,7,1949,GDR,ドイツ民主共和国建国 🇩🇪,"ソ連占領地域に、社会主義国家である東ドイツ（GDR）が建国された。"
10,8,1967,CUB,チェ・ゲバラ、捕獲 🔫,"ボリビアでゲリラ活動をしていた革命家チェ・ゲバラがボリビア軍に捕獲された。（翌日処刑）"
10,9,1967,CUB,チェ・ゲバラ、処刑 💀,"革命家チェ・ゲバラがボリビア軍によって処刑された。"
10,10,1934,PRC,長征開始,"中国共産党の主力部隊が国民党軍に追われ、江西省から陝西省へ大移動を開始。"
10,11,1989,HUN,ハンガリー、共産党政権の終焉,"ハンガリー社会主義労働者党（共産党）が解体され、民主化への移行が確定した。"
10,12,1968,SOV,ソ連、ブレジネフ主義を確立,"チェコスロバキア介入（プラハの春鎮圧）を通じて、ソ連が東欧諸国への介入権を確立した（ブレジネフ・ドクトリン）。"
10,13,1989,GDR,東ドイツ、ホーネッカー書記長が辞任,"長年東ドイツを支配したエーリッヒ・ホーネッカーが党書記長を辞任。民主化の波に押された。"
10,14,1964,SOV,フルシチョフ失脚,"ニキータ・フルシチョフがソ連共産党内の会議で全ての役職から解任された。"
10,15,1959,JAP,日本社会党、安保条約改定に反対,"日本社会党が日米安全保障条約の改定に対する反対運動を主導した。"
10,16,1964,PRC,中国、初の核実験成功,"中国が核兵器の開発に成功し、核保有国となった。"
10,17,1945,ARG,フアン・ペロン、権力掌握,"アルゼンチンでフアン・ペロンが権力を掌握。ペロン主義という独自の社会主義的・ポピュリズム的運動を確立した。"
10,18,1989,GDR,ベルリンの壁崩壊へ向けた大規模デモ,"東ドイツのライプツィヒなどで大規模な反政府デモが発生した。"
10,19,1949,GDR,ソ連、東ドイツを承認,"ソ連がドイツ民主共和国（東ドイツ）を公式に国家承認した。"
10,20,1950,PRC,中国人民志願軍が朝鮮戦争に参戦 ⚔️,"中国人民志願軍が国境を越え、朝鮮戦争に参戦。"
10,21,1956,POL,ポーランドの「十月事件」,"ゴムウカがポーランド統一労働者党（共産党）の第一書記に就任し、ソ連からの部分的独立を勝ち取った。"
10,22,1962,CUB,キューバ危機勃発,"アメリカのジョン・F・ケネディ大統領がキューバにソ連の核ミサイルが配備されていることを公表した。"
10,23,1956,HUN,ハンガリー動乱勃発 💥,"ハンガリーでソ連の支配と社会主義独裁に対する大規模な民衆蜂起が発生した。"
10,24,1945,USA,国際連合（UN）発足,"国際連合が発足。冷戦下の米ソ対立の舞台となった。"
10,25,1917,SOV,十月革命（旧暦） 🚩,"ボリシェヴィキがペトログラードで武装蜂起し、臨時政府を打倒した。（旧暦10月25日）"
10,26,1986,PRC,中国、株式市場を再開,"改革開放の一環として、中国が一時的に閉鎖していた株式市場を再開した。"
10,27,1924,SOV,スターリン、党組織の強化を提案,"スターリンがレーニン死後の党内闘争で優位に立つため、党組織の厳格な強化を提案した。"
10,28,1927,PRC,長沙暴動,"中国共産党が湖南省の長沙で武力蜂起を試みたが、失敗に終わった。"
10,29,1929,USA,世界恐慌勃発（ソ連の工業化推進の背景）,"ウォール街の株価暴落で世界恐慌が始まり、ソ連は西側諸国の経済危機を自国の優位性の証拠とみなした。"
10,30,1961,SOV,ツァーリ・ボンバ（史上最大の核実験） ⚛️,"ソ連が史上最大の水爆実験を実施。核開発競争が極限に達した。"
10,31,1962,CUB,キューバ危機終結 🕊️,"米ソ間の交渉により、ソ連がキューバからミサイルを撤去することで合意した。"
11,1,1945,JAP,日本共産党、合法化,"戦後、日本共産党が合法的な政党として再建。"
11,1,1956,HUN,ハンガリー、ワルシャワ条約機構からの脱退を宣言,"ハンガリー動乱の中、ナジ首相がワルシャワ条約機構からの脱退と中立化を宣言したが、ソ連に拒否された。"
11,2,1924,SOV,ソ連、イギリスがソ連を公式に承認,"イギリスがソビエト連邦を公式に承認した。（外交関係樹立）"
11,3,1970,CHI,サルバドール・アジェンデ、チリ大統領に就任,"自由選挙で選ばれた世界初の社会主義大統領がチリで正式に就任した。"
11,4,1956,HUN,ソ連軍、ハンガリー動乱鎮圧,"ソ連軍がハンガリーに再侵攻し、動乱を武力で鎮圧。"
11,5,1989,GDR,ベルリンの壁崩壊へ向けた大規模デモ（ライプツィヒ）,"東ドイツのライプツィヒで過去最大規模の反政府デモが発生した。"
11,6,1917,SOV,ボリシェヴィキ、武装蜂起を開始,"レーニン率いるボリシェヴィキがペトログラードで武装蜂起を開始した。（十月革命前日）"
11,7,1917,SOV,十月革命記念日 🎉,"ウラジーミル・イリイチ・レーニン率いるボリシェヴィキが権力を掌握し、ソビエト政権が樹立された。"
11,8,1917,SOV,平和に関する布告、土地に関する布告,"ボリシェヴィキ政権が、第一次世界大戦からの離脱と地主の土地の没収を宣言する重要布告を発表。（十月革命翌日）"
11,9,1989,GDR,ベルリンの壁崩壊 🕊️,"東ドイツ政府が旅行の自由化を発表し、ベルリンの壁が崩壊。"
11,10,1989,BUL,ブルガリア共産党、指導部交代,"長期政権を敷いたトドル・ジフコフ書記長が辞任。ブルガリアの民主化が始まった。"
11,11,1918,GER,第一次世界大戦終結（ドイツ革命の進行）,"第一次世界大戦が終結。ドイツ国内では社会主義者や共産主義者による革命運動が進行していた。"
11,12,1970,SOV,ソ連、ブレジネフが米ソ関係の改善を主張,"ソ連のレオニード・ブレジネフがデタント（緊張緩和）の必要性を訴えた。"
11,13,1950,JAP,日本共産党、武装闘争路線の採用,"日本共産党が「コミンフォルム批判」を受け、武装闘争路線に傾倒した時期。（指導部の意思統一完了）"
11,14,1956,SOV,ハンガリー動乱後、カダール政権がソ連への忠誠を誓う,"ハンガリーのカダール・ヤーノシュがソ連支持を表明し、ソ連の支配を再確認した。"
11,15,1988,SOV,ソ連、エストニアの主権宣言を無効化,"ソ連のエストニアSSRが主権宣言を行ったが、ソ連政府によって無効とされた。"
11,16,1989,CZE,ビロード革命開始 🕊️,"チェコスロバキアで学生デモが発生し、共産党の一党支配を終わらせる「ビロード革命」の引き金となった。"
11,17,1924,SOV,トロツキー、政治局で批判される（再び）,"スターリンが党内でトロツキーに対する批判を強め、彼の政治的孤立が深まった。"
11,18,1989,SOV,ソ連、ブレジネフ・ドクトリンの放棄を宣言,"ソ連が東欧諸国への軍事介入権を定めたブレジネフ・ドクトリンを公式に放棄した。（ゴルバチョフ演説日）"
11,19,1919,SOV,ソ連、赤軍がウクライナの主要都市を奪還,"ロシア内戦で赤軍がウクライナの重要都市ハリコフを奪還し、ソビエト支配を確立した。"
11,20,1989,CZE,プラハで大規模デモ,"チェコスロバキアの首都プラハで数十万人が参加する反政府デモが発生した。"
11,21,1919,SOV,ハンガリー・ソビエト共和国崩壊（指導者ベラ・クン逮捕）,"短命に終わったハンガリー・ソビエト共和国の指導者ベラ・クンが逮捕された。"
11,22,1963,USA,ジョン・F・ケネディ大統領暗殺 💀,"キューバ危機を乗り越えたアメリカ大統領が暗殺。冷戦の動向に大きな影響を与えた。"
11,23,1989,CZE,チェコスロバキア共産党、一党支配の放棄を宣言,"ビロード革命の圧力により、チェコスロバキア共産党が政権の独占を放棄した。"
11,24,1820,GER,フリードリヒ・エンゲルス生誕日 🎂,"ドイツの思想家、マルクス主義の共同創始者であるエンゲルスがバルメンで生まれた。"
11,25,1936,GER,日独防共協定締結,"日本とナチス・ドイツが共産主義の脅威に対抗するための協定を締結した。"
11,26,1989,PRC,中国、天安門事件後初の党中央会議,"天安門事件後の混乱の中、中国共産党が指導部人事を再確認した。"
11,27,1920,SOV,クリミア半島、ソビエト政権樹立,"ロシア内戦の最後の抵抗拠点であったクリミア半島が赤軍によって制圧された。"
11,28,1918,GER,ドイツ、スパルタクス団が共和政への支持を表明,"ドイツの共産主義者グループが共和政への移行を支持し、革命を主導した。"
11,29,1944,ALB,アルバニア解放,"エンヴェル・ホッジャ率いるパルチザンがドイツ軍を駆逐し、アルバニアが解放された。"
11,29,1945,YUG,ユーゴスラビア連邦人民共和国成立 🚩,"チトー率いる共産党が中心となり、連邦人民共和国の成立を宣言。"
11,30,1939,SOV,冬戦争勃発 ⚔️,"ソ連がフィンランドに侵攻。国際的に非難された。"
12,1,1925,IND,インド共産党創設 🚩,"インドで共産主義政党が正式に結成された。"
12,2,1959,CUB,カストロ、アメリカとの関係悪化を強調,"フィデル・カストロがアメリカの干渉を非難し、ソ連との関係強化を示唆した。"
12,3,1989,SOV,マルタ会談（冷戦の終結） 🕊️,"ソ連のゴルバチョフとアメリカのブッシュ大統領がマルタで会談し、冷戦の終結を事実上宣言した。"
12,4,1989,GDR,東ドイツ、各地で秘密警察（Stasi）本部が占拠される,"市民が秘密警察の文書破壊を防ぐため、本部を占拠し始めた。"
12,5,1936,SOV,スターリン憲法制定,"ソビエト連邦の新しい憲法が発効した。"
12,6,1921,SOV,ネップ導入後、ソ連が農業税を導入,"戦時共産主義から市場経済への移行に伴い、農民から税金を徴収する制度が導入された。"
12,7,1988,SOV,ゴルバチョフ、国連で軍事費削減を表明,"ゴルバチョフがソ連の軍事費削減と東欧からの軍隊削減を国連で発表した。"
12,8,1991,SOV,ベロヴェーシ合意（ソ連解体の決定） 💔,"ロシア、ウクライナ、ベラルーシの指導者が集まり、ソ連の解体と独立国家共同体（CIS）の設立に合意した。"
12,9,1989,CZE,ビロード革命後、非共産党政権樹立,"チェコスロバキアで非共産党員が多数を占める新内閣が発足した。"
12,10,1948,ITA,イタリア共産党書記長パルミロ・トリアッティ襲撃事件,"イタリア共産党（PCI）の指導者トリアッティが銃撃され、労働者の大規模な抗議活動を引き起こした。"
12,11,1961,USA,アメリカ、ベトナムへ本格介入を開始,"アメリカ軍が南ベトナムへ初の本格的な軍事顧問団を派遣した。"
12,12,1981,POL,ポーランドに戒厳令 🛡️,"労働組合「連帯」の活動を抑圧するため、ポーランドのヤルゼルスキ政権が戒厳令を布告した。"
12,13,1989,SOV,ソ連、リトアニアでの独立運動を非難,"リトアニアの独立運動に対し、ソ連が強く反発する声明を発表した。"
12,14,1955,SOV,ソ連、日本との国交正常化交渉開始,"ソ連と日本が国交正常化に向けた交渉を開始した。（日ソ共同宣言への道）"
12,15,1991,SOV,カザフスタン、独立,"ソ連邦最後の構成国であるカザフスタンが独立を宣言した。"
12,16,1989,ROM,ティミショアラで最初のデモ鎮圧,"ルーマニアのティミショアラでチャウシェスク政権に対する抗議デモが発生し、軍により鎮圧された。（ルーマニア革命の引き金）"
12,17,1989,ROM,ルーマニア革命勃発,"ティミショアラで反チャウシェスク政権のデモが発生し、ルーマニア革命の引き金となった。"
12,18,1978,PRC,改革開放政策開始,"中国共産党第11期中央委員会第3回全体会議が開幕し、鄧小平主導の改革開放路線が決定された。"
12,19,1946,VIE,第一次インドシナ戦争勃発,"ベトミン（ベトナム共産党主導）がハノイでフランス軍への攻撃を開始し、戦争が始まった。"
12,20,1991,SOV,ゴルバチョフ、ソ連大統領辞任の準備,"ゴルバチョフがソ連大統領辞任に関する最終決定を下した。"
12,21,1988,SOV,パンナム機爆破事件（リビアとの関連）,"リビアのカダフィ政権が関与したとされるテロ事件。反共産主義・反社会主義勢力との国際的な対立に影響を与えた。"
12,22,1989,ROM,チャウシェスク政権崩壊,"ルーマニアのニコラエ・チャウシェスク大統領がブカレストから逃亡し、政権が崩壊した。"
12,23,1956,JAP,日本共産党、六全協後初の大会,"武装闘争路線を自己批判した六全協後、日本共産党が新たな議会重視路線を確立するための大会を開催した。"
12,24,1979,AFG,ソ連、アフガニスタン侵攻開始 ⚔️,"ソ連軍がアフガニスタンに侵攻し、親ソ連の共産党政権を支援した。"
12,25,1989,ROM,チャウシェスク夫妻処刑 💀,"ルーマニア革命によりニコラエ・チャウシェスク大統領とその妻エレナが逮捕され、即座に処刑された。"
12,26,1893,PRC,毛沢東生誕日 🎂,"中国の革命家、政治家である毛沢東が生まれた。"
12,26,1991,SOV,ソビエト連邦崩壊 💔,"ソ連の最高会議がソ連の消滅を宣言し、冷戦が終結。"
12,27,1979,AFG,アミン大統領暗殺,"ソ連軍がアフガニスタンのハフィズッラー・アミン大統領を暗殺し、親ソ連の新政権を樹立させた。"
12,28,1919,SOV,ボリシェヴィキ、モスクワで党大会開催,"ロシア内戦の最中、ボリシェヴィキが指導体制を強化するための重要な党大会を開催した。"
12,29,1989,CZE,ヴァーツラフ・ハヴェル大統領就任 🕊️,"チェコスロバキアで「ビロード革命」が成功し、非共産党政権の大統領にハヴェルが就任した。"
12,30,1922,SOV,ソビエト連邦成立 🚩,"ロシア、ザカフカース、ウクライナ、白ロシアの4つのソビエト社会主義共和国が統合され、ソ連が成立した。"
12,31,1978,PRC,改革開放、公式に開始,"中国共産党中央委員会第3回全体会議の決定に基づき、中国の経済改革が本格的に始動した。（日付は政策発表の完了時期）"
